transaction_id,date,description,type,amount,currency,category
TX-0028,2026-01-01,Sample income item 28,income,10750.0,NGN,Supplies
TX-0056,2026-01-01,Sample income item 56,income,21250.0,NGN,Food
TX-0084,2026-01-01,Sample income item 84,income,31750.0,NGN,Sales
TX-0112,2026-01-01,Sample income item 112,income,42250.0,NGN,Utilities
TX-0004,2026-01-05,Sample expense item 4,expense,1750.0,NGN,Sales
TX-0032,2026-01-05,Sample expense item 32,expense,12250.0,NGN,Utilities
TX-0060,2026-01-05,Sample expense item 60,expense,22750.0,NGN,Transport
TX-0088,2026-01-05,Sample expense item 88,expense,33250.0,NGN,Supplies
TX-0116,2026-01-05,Sample expense item 116,expense,43750.0,NGN,Food
TX-0008,2026-01-09,Sample expense item 8,expense,3250.0,NGN,Uncategorized
TX-0036,2026-01-09,Sample expense item 36,expense,13750.0,NGN,Food
TX-0064,2026-01-09,Sample expense item 64,expense,24250.0,NGN,Sales
TX-0092,2026-01-09,Sample expense item 92,expense,34750.0,NGN,Utilities
TX-0012,2026-01-13,No description,expense,4750.0,NGN,Utilities
TX-0040,2026-01-13,Sample expense item 40,expense,15250.0,NGN,Transport
TX-0068,2026-01-13,Sample expense item 68,expense,25750.0,NGN,Supplies
TX-0096,2026-01-13,Sample expense item 96,expense,36250.0,NGN,Food
TX-0016,2026-01-17,Sample expense item 16,expense,6250.0,NGN,Food
TX-0044,2026-01-17,Sample expense item 44,expense,16750.0,NGN,Sales
TX-0072,2026-01-17,Sample expense item 72,expense,27250.0,NGN,Utilities
TX-0100,2026-01-17,Sample expense item 100,expense,37750.0,NGN,Transport
TX-0020,2026-01-21,Sample expense item 20,expense,7750.0,NGN,Transport
TX-0048,2026-01-21,Sample expense item 48,expense,18250.0,NGN,Supplies
TX-0076,2026-01-21,Sample expense item 76,expense,28750.0,NGN,Food
TX-0104,2026-01-21,Sample expense item 104,expense,39250.0,NGN,Sales
TX-0024,2026-01-25,Sample expense item 24,expense,9250.0,NGN,Sales
TX-0052,2026-01-25,Sample expense item 52,expense,19750.0,NGN,Utilities
TX-0108,2026-01-25,Sample expense item 108,expense,40750.0,NGN,Supplies
TX-0001,2026-02-02,Sample expense item 1,expense,625.0,NGN,Food
TX-0029,2026-02-02,Sample expense item 29,expense,11125.0,NGN,Sales
TX-0057,2026-02-02,Sample expense item 57,expense,21625.0,NGN,Utilities
TX-0085,2026-02-02,Sample expense item 85,expense,32125.0,NGN,Transport
TX-0113,2026-02-02,Sample expense item 113,expense,42625.0,NGN,Supplies
TX-0005,2026-02-06,Sample expense item 5,expense,2125.0,NGN,Transport
TX-0033,2026-02-06,Sample expense item 33,expense,12625.0,NGN,Uncategorized
TX-0061,2026-02-06,Sample expense item 61,expense,23125.0,NGN,Food
TX-0089,2026-02-06,Sample expense item 89,expense,33625.0,NGN,Sales
TX-0009,2026-02-10,Sample expense item 9,expense,3625.0,NGN,Sales
TX-0037,2026-02-10,Sample expense item 37,expense,14125.0,NGN,Utilities
TX-0065,2026-02-10,Sample expense item 65,expense,24625.0,NGN,Transport
TX-0093,2026-02-10,Sample expense item 93,expense,35125.0,NGN,Supplies
TX-0013,2026-02-14,Sample expense item 13,expense,5125.0,NGN,Supplies
TX-0041,2026-02-14,Sample expense item 41,expense,15625.0,NGN,Food
TX-0069,2026-02-14,Sample expense item 69,expense,26125.0,NGN,Sales
TX-0097,2026-02-14,Sample expense item 97,expense,36625.0,NGN,Utilities
TX-0017,2026-02-18,Sample expense item 17,expense,6625.0,NGN,Utilities
TX-0045,2026-02-18,Sample expense item 45,expense,17125.0,NGN,Transport
TX-0073,2026-02-18,Sample expense item 73,expense,27625.0,NGN,Supplies
TX-0101,2026-02-18,Sample expense item 101,expense,38125.0,NGN,Food
TX-0021,2026-02-22,Sample income item 21,income,8125.0,NGN,Food
TX-0049,2026-02-22,Sample income item 49,income,18625.0,NGN,Sales
TX-0077,2026-02-22,Sample income item 77,income,29125.0,NGN,Uncategorized
TX-0105,2026-02-22,Sample income item 105,income,39625.0,NGN,Transport
TX-0025,2026-02-26,Sample expense item 25,expense,9625.0,NGN,Transport
TX-0053,2026-02-26,Sample expense item 53,expense,20125.0,NGN,Supplies
TX-0081,2026-02-26,No description,expense,30625.0,NGN,Food
TX-0109,2026-02-26,Sample expense item 109,expense,41125.0,NGN,Sales
TX-0002,2026-03-03,Sample expense item 2,expense,1000.0,NGN,Utilities
TX-0030,2026-03-03,Sample expense item 30,expense,11500.0,NGN,Transport
TX-0058,2026-03-03,Sample expense item 58,expense,22000.0,NGN,Supplies
TX-0086,2026-03-03,Sample expense item 86,expense,32500.0,NGN,Food
TX-0114,2026-03-03,Sample expense item 114,expense,43000.0,NGN,Sales
TX-0006,2026-03-07,Sample expense item 6,expense,2500.0,NGN,Food
TX-0034,2026-03-07,Sample expense item 34,expense,13000.0,NGN,Sales
TX-0062,2026-03-07,Sample expense item 62,expense,23500.0,NGN,Utilities
TX-0090,2026-03-07,Sample expense item 90,expense,34000.0,NGN,Transport
TX-0038,2026-03-11,Sample expense item 38,expense,14500.0,NGN,Supplies
TX-0066,2026-03-11,Sample expense item 66,expense,25000.0,NGN,Food
TX-0094,2026-03-11,Sample expense item 94,expense,35500.0,NGN,Sales
TX-0014,2026-03-15,Sample income item 14,income,5500.0,NGN,Sales
TX-0042,2026-03-15,Sample income item 42,income,16000.0,NGN,Utilities
TX-0098,2026-03-15,Sample income item 98,income,37000.0,NGN,Uncategorized
TX-0018,2026-03-19,Sample expense item 18,expense,7000.0,NGN,Supplies
TX-0046,2026-03-19,Sample expense item 46,expense,17500.0,NGN,Food
TX-0074,2026-03-19,Sample expense item 74,expense,28000.0,NGN,Sales
TX-0102,2026-03-19,Sample expense item 102,expense,38500.0,NGN,Utilities
TX-0022,2026-03-23,Sample expense item 22,expense,8500.0,NGN,Utilities
TX-0050,2026-03-23,Sample expense item 50,expense,19000.0,NGN,Transport
TX-0078,2026-03-23,Sample expense item 78,expense,29500.0,NGN,Supplies
TX-0106,2026-03-23,Sample expense item 106,expense,40000.0,NGN,Food
TX-0026,2026-03-27,Sample expense item 26,expense,10000.0,NGN,Food
TX-0054,2026-03-27,Sample expense item 54,expense,20500.0,NGN,Sales
TX-0082,2026-03-27,Sample expense item 82,expense,31000.0,NGN,Utilities
TX-0110,2026-03-27,Sample expense item 110,expense,41500.0,NGN,Transport
TX-0003,2026-04-04,Sample expense item 3,expense,1375.0,NGN,Supplies
TX-0031,2026-04-04,Sample expense item 31,expense,11875.0,NGN,Food
TX-0059,2026-04-04,Sample expense item 59,expense,22375.0,NGN,Sales
TX-0087,2026-04-04,Sample expense item 87,expense,32875.0,NGN,Utilities
TX-0115,2026-04-04,Sample expense item 115,expense,43375.0,NGN,Transport
TX-0007,2026-04-08,Sample income item 7,income,2875.0,NGN,Utilities
TX-0035,2026-04-08,Sample income item 35,income,13375.0,NGN,Transport
TX-0063,2026-04-08,Sample income item 63,income,23875.0,NGN,Supplies
TX-0091,2026-04-08,Sample income item 91,income,34375.0,NGN,Food
TX-0011,2026-04-12,Sample expense item 11,expense,4375.0,NGN,Food
TX-0039,2026-04-12,Sample expense item 39,expense,14875.0,NGN,Sales
TX-0067,2026-04-12,Sample expense item 67,expense,25375.0,NGN,Utilities
TX-0095,2026-04-12,Sample expense item 95,expense,35875.0,NGN,Transport
TX-0015,2026-04-16,Sample expense item 15,expense,5875.0,NGN,Transport
TX-0043,2026-04-16,Sample expense item 43,expense,16375.0,NGN,Supplies
TX-0071,2026-04-16,Sample expense item 71,expense,26875.0,NGN,Food
TX-0099,2026-04-16,Sample expense item 99,expense,37375.0,NGN,Sales
TX-0019,2026-04-20,Sample expense item 19,expense,7375.0,NGN,Sales
TX-0047,2026-04-20,Sample expense item 47,expense,17875.0,NGN,Utilities
TX-0075,2026-04-20,Sample expense item 75,expense,28375.0,NGN,Transport
TX-0103,2026-04-20,Sample expense item 103,expense,38875.0,NGN,Supplies
TX-0023,2026-04-24,Sample expense item 23,expense,8875.0,NGN,Supplies
TX-0051,2026-04-24,Sample expense item 51,expense,19375.0,NGN,Food
TX-0079,2026-04-24,Sample expense item 79,expense,29875.0,NGN,Sales
TX-0107,2026-04-24,Sample expense item 107,expense,40375.0,NGN,Utilities
TX-0027,2026-04-28,Sample expense item 27,expense,10375.0,NGN,Utilities
TX-0055,2026-04-28,Sample expense item 55,expense,20875.0,NGN,Transport
TX-0083,2026-04-28,Sample expense item 83,expense,31375.0,NGN,Supplies
TX-0111,2026-04-28,Sample expense item 111,expense,41875.0,NGN,Food
